[{"file_id":112, "cloudinary_file_id":"ESDE/uv5ph1xsnvugzkzjfp6s", "cloudinary_url":"http://res.cloudinary.com/dr5lordwu/image/upload/v1624340658/ESDE/uv5ph1xsnvugzkzjfp6s.png", "design_title":"rita design 1", "design_description":"Changed the description 2A04", "created_by_id":151},
 {"file_id":113, "cloudinary_file_id":"ESDE/y4nvcseujk1slyba7b6i", "cloudinary_url":"http://res.cloudinary.com/dr5lordwu/image/upload/v1624340660/ESDE/y4nvcseujk1slyba7b6i.png", "design_title":"rita design 2", "design_description":"rita", "created_by_id":151},
 {"file_id":114, "cloudinary_file_id":"ESDE/mnciouh1rdkjarydlabi", "cloudinary_url":"http://res.cloudinary.com/dr5lordwu/image/upload/v1624340661/ESDE/mnciouh1rdkjarydlabi.png", "design_title":"rita design 3", "design_description":"rita design 3 description text 1 text 2 text 3 text 4 ....", "created_by_id":151},
 {"file_id":115, "cloudinary_file_id":"ESDE/qp5xbiwx8q0qcwxpcan7", "cloudinary_url":"http://res.cloudinary.com/dr5lordwu/image/upload/v1624340663/ESDE/qp5xbiwx8q0qcwxpcan7.png", "design_title":"rita design 4", "design_description":"rita design 4 description text 1 text 2 text 3 text 4 ....", "created_by_id":151},
 {"file_id":116, "cloudinary_file_id":"ESDE/lzbrwo8zlcx1jlhqn2ns", "cloudinary_url":"http://res.cloudinary.com/dr5lordwu/image/upload/v1624340665/ESDE/lzbrwo8zlcx1jlhqn2ns.png", "design_title":"rita design 5", "design_description":"rita design 5 description text 1 text 2 text 3 text 4 ....", "created_by_id":151},
 {"file_id":117, "cloudinary_file_id":"ESDE/a76n3nw6qn9rp9c242sd", "cloudinary_url":"http://res.cloudinary.com/dr5lordwu/image/upload/v1624340667/ESDE/a76n3nw6qn9rp9c242sd.png", "design_title":"rita design 6", "design_description":"rita design 6 description text 1 text 2 text 3 text 4 ....", "created_by_id":151},
 {"file_id":118, "cloudinary_file_id":"ESDE/l2kpytuhlsnn6fqfzkte", "cloudinary_url":"http://res.cloudinary.com/dr5lordwu/image/upload/v1624340668/ESDE/l2kpytuhlsnn6fqfzkte.png", "design_title":"rita design 7", "design_description":"rita design 7 description text 1 text 2 text 3 text 4 ....", "created_by_id":151},
 {"file_id":119, "cloudinary_file_id":"ESDE/dk62ln6v28fzdeomhbxr", "cloudinary_url":"http://res.cloudinary.com/dr5lordwu/image/upload/v1624340670/ESDE/dk62ln6v28fzdeomhbxr.png", "design_title":"rita design 8", "design_description":"rita design 8 description text 1 text 2 text 3 text 4 ....", "created_by_id":151},
 {"file_id":120, "cloudinary_file_id":"ESDE/obpt78q2qrrsdn77wrgv", "cloudinary_url":"http://res.cloudinary.com/dr5lordwu/image/upload/v1624340672/ESDE/obpt78q2qrrsdn77wrgv.png", "design_title":"rita design 9", "design_description":"rita design 9 description text 1 text 2 text 3 text 4 ....", "created_by_id":151},
 {"file_id":121, "cloudinary_file_id":"ESDE/sjhvdhf2exuvukkddi1i", "cloudinary_url":"http://res.cloudinary.com/dr5lordwu/image/upload/v1624340674/ESDE/sjhvdhf2exuvukkddi1i.png", "design_title":"rita design 10", "design_description":"rita design 10 description text 1 text 2 text 3 text 4 ....", "created_by_id":151},
 {"file_id":122, "cloudinary_file_id":"ESDE/ksza64lczrmpbfr1uveu", "cloudinary_url":"http://res.cloudinary.com/dr5lordwu/image/upload/v1624340675/ESDE/ksza64lczrmpbfr1uveu.png", "design_title":"rita design 11", "design_description":"rita design 11 description text 1 text 2 text 3 text 4 ....", "created_by_id":151},
 {"file_id":123, "cloudinary_file_id":"ESDE/xci93whbo5dji1kpiqrq", "cloudinary_url":"http://res.cloudinary.com/dr5lordwu/image/upload/v1624340677/ESDE/xci93whbo5dji1kpiqrq.png", "design_title":"rita design 12", "design_description":"rita design 12 description text 1 text 2 text 3 text 4 ....", "created_by_id":151},
 {"file_id":124, "cloudinary_file_id":"ESDE/dt7wmgnn1vlxekslj5f0", "cloudinary_url":"http://res.cloudinary.com/dr5lordwu/image/upload/v1624636571/ESDE/dt7wmgnn1vlxekslj5f0.jpg", "design_title":"rita design 13", "design_description":"rita", "created_by_id":151},
 {"file_id":125, "cloudinary_file_id":"ESDE/rp9zmpxuwbsvmcupogs5", "cloudinary_url":"http://res.cloudinary.com/dr5lordwu/image/upload/v1624640426/ESDE/rp9zmpxuwbsvmcupogs5.jpg", "design_title":"rita design 14", "design_description":"rita", "created_by_id":151}]